"A Jack Russell Terrier holding a sign that says ""I didn't use M.Acadamy"". The scene is a mug shot. The Jack Russell is wearing a black leather jacket. The dog collar has a Magento logo as the tag and ""Magento"" imprinted on the collar. The dog's paws are holding the sign, not human hands.",https://bflapistorage.blob.core.windows.net/public/f7dac385599c4b8a8f445dd360ccc7d5/sample.jpg
"Two Frida Kahlos seated side by side, holding hands, with a small Jack Russell Terrier on each of their laps, Frida Kahlo style, created by Frida Kahlo in the style of Frida Kahlo.",https://bflapistorage.blob.core.windows.net/public/5bef450625b0446aaf744fde10a9de42/sample.jpg
"A Jack Russell Terrier holding a sign that says ""I didn't use M.acadamy"". The scene is a mug shot. The Jack Russell is wearing a black leather jacket. The dog collar has a Magento logo as the tag and ""Magento"" imprinted on the collar. The dog's paws are holding the sign, not human hands.",https://bflapistorage.blob.core.windows.net/public/8ae173e4a37447c9b2f74b550ecc6d9d/sample.jpg
"A Jack Russell Terrier with paws holding a sign that says ""I didn't use M.acadamy"". The scene is a mug shot. The Jack Russell is wearing a black leather jacket. The dog collar has a Magento logo as the tag and ""Magento"" imprinted on the collar. The dog's paws are holding the sign, not human hands.",https://bflapistorage.blob.core.windows.net/public/c2c15802da174aafb40cb76b9cf027d4/sample.jpg
"A Jack Russell Terrier with dog paws holding a sign that says ""I didn't use M.acadamy"". The scene is a mug shot. The sign is being held by paws and not human hands. DO NOT USE HUMAN HANDS The Jack Russell is wearing a black leather jacket. The dog collar has a Magento logo as the tag and ""Magento"" imprinted on the collar. The dog's paws are holding the sign, not human hands.",https://bflapistorage.blob.core.windows.net/public/ea809b8018644be79fcd46b15e7fd7ba/sample.jpg
"A mugshot photo of a Jack Russell Terrier with a sign that says ""I didn't use M.acadamy"". . The sign is being held by paws and not human hands. DO NOT USE HUMAN HANDS The Jack Russell is wearing a black leather jacket. The dog collar has a Magento logo as the tag overlaping the sign and ""Magento"" imprinted on the collar.",https://bflapistorage.blob.core.windows.net/public/0eba7ea372ae458b8c8ab7574271c7d5/sample.jpg
"A mugshot photo of a Jack Russell Terrier with a sign that says ""I didn't use M.acadamy"". The Jack Russell is wearing a black leather jacket. The dog collar has a Magento logo as the tag overlaping the sign and ""Magento"" imprinted on the collar.",https://bflapistorage.blob.core.windows.net/public/9191dedc57f248c98fdeb4c563274e02/sample.jpg
"a high resolution photo of a developer working on her apple computer, a lite Magento sign is in the background just out of focus. ",https://bflapistorage.blob.core.windows.net/public/90c5106fdee649f5a02df7be1bbd5fa8/sample.jpg
"a high resolution photo of a developer working on her apple computer, a lite Magento sign is in the background just out of focus. "
"a high resolution photo of a developer working on her apple computer, a lite Magento sign is in the background just out of focus. "
A poster from the 1980's showing a man looking at the camera with a mullet 
"an iconic image of a man from the 1980's with a mullet, holding a sign that states ""I'll be right back"""
"a Hawaiian travel poster from the 1930's featuring a Jack Russell Terrier on the beach in sunglasses. Text at the top says ""Travel like Jack"""
"a vintage photos with Bigfoot and Godzilla, drinking coffee with their Jack Russell Terrier looking on "
"a diverse group of magento developers in a celebration photo after a successful Magento site launch. Vintage 2000, pre-tech bubble photo. Godzilla is the main developer and is behind the group in the photo"
"a diverse group of magento developers wearing Magento t-shirts, in a celebration photo after a successful Magento site launch. Vintage 2000, pre-tech bubble photo. Godzilla is the main developer and is behind the group in the photo"
"a diverse group of magento developers wearing Magento t-shirts, in a celebration photo after a successful Magento site launch. Vintage 2000, pre-tech bubble photo. Godzilla is the main developer and is behind the group in the photo"
"a diverse group of male and female magento developers wearing Magento t-shirts, in a celebration photo after a successful Magento site launch. Vintage 2000, pre-tech bubble photo. Godzilla is the main developer and is behind the group in the photo"
"a diverse group of male and female magento developers wearing Magento t-shirts, in a celebration photo after a successful Magento site launch. Vintage 2000, pre-tech bubble photo. Godzilla is the main developer and is behind the group in the photo"
"a diverse group of male and female magento developers wearing Magento t-shirts, a large blimp above the photo with blue skies and fluffy clouds, in a celebration photo after a successful Magento site launch. Vintage 2010,  Godzilla is the main developer and is behind the group in the photo"
"a diverse group of male and female magento developers wearing Magento t-shirts, a large blimp above the photo with blue skies and fluffy clouds, in a celebration photo after a successful Magento site launch. Vintage 2010,  A human sized Godzilla is the middle and is behind the group in the photo"
"a drone style photo of a diverse group of male and female magento developers wearing Magento t-shirts, looking up at the camera, at least 100 developers wide, in a celebration photo after a successful Magento site launch. Vintage 2010,  A human sized Godzilla is the middle and is behind the group in the photo"
"a drone style photo from approx 100ft in the air of a diverse group of male and female magento developers wearing Magento t-shirts, looking up at the camera, at least 100 developers wide, in a celebration photo after a successful Magento site launch. Vintage 2010,  A human sized Godzilla is the middle and is behind the group in the photo"
"a drone style photo from approx 100ft in the air of a diverse group of male and female magento developers wearing Magento t-shirts, looking up at the camera, at least 100 developers wide, in a celebration photo after a successful Magento site launch. Vintage 2010,  A human sized Godzilla is the middle and is behind the group in the photo"
"Godzilla eating breakfast at the table, reading a newspaper with the headline ""SuperCloud Launch"""
"Godzilla eating breakfast at the table, reading a newspaper with the headline ""SuperCloud Launch"" in clear bold print"
"Photomontage artworks, surreal assemblage of dreamlike imagery and objects, including a Pomchi appearing multiple times, interacting with the varied elements, in the style of Grete Stern"
"A Jack Russell Terrier intricately intertwined with scenic landscapes and detailed portraits. Realism style, Rafael Maniago: Lifelike depictions and serene composition. Peaceful and detailed. Rich tones with careful depiction."
"Create a business illustration showcasing a majestic bison standing on a Montana prairie with mountains in the background. In the foreground, display a rustic wooden table with various cuts of buffalo jerky arranged neatly. Include a small, traditional smoke house nearby. Use warm, earthy tones to capture Montana's essence. Add a text overlay saying ""What is Buffalo Jerky?"" in a Western-style font."
a picture of a dog
a picture of a dog
a jack rusell
a jack russell terrier 
a picture of a cartoon house
a picture of a house
a picture of a cartoon monkey 
